{
    "name": "root",
    "metadata": {
        "timer_format_version": "0.1.0",
        "start_time_seconds": "1644162502",
        "python_version": "3.8.10 (default, Nov 26 2021, 20:14:08) \n[GCC 9.3.0]",
        "command_line_arguments": "/home/b1/.local/bin/mlagents-learn results/modeltest/configuration.yaml --run-id=imitTest",
        "mlagents_version": "0.28.0",
        "mlagents_envs_version": "0.28.0",
        "communication_protocol_version": "1.5.0",
        "pytorch_version": "1.8.2+cpu",
        "numpy_version": "1.19.5",
        "end_time_seconds": "1644162648"
    },
    "total": 146.5953516089976,
    "count": 1,
    "self": 0.017150490999483736,
    "children": {
        "run_training.setup": {
            "total": 0.10993920799955959,
            "count": 1,
            "self": 0.10993920799955959
        },
        "TrainerController.start_learning": {
            "total": 146.46826190999855,
            "count": 1,
            "self": 0.05305462793330662,
            "children": {
                "TrainerController._reset_env": {
                    "total": 11.941694879998977,
                    "count": 1,
                    "self": 9.18618558599701,
                    "children": {
                        "demo_to_buffer": {
                            "total": 2.7555092940019676,
                            "count": 3,
                            "self": 0.00025208600345649756,
                            "children": {
                                "load_demonstration": {
                                    "total": 0.05487520699898596,
                                    "count": 3,
                                    "self": 0.05439644499710994,
                                    "children": {
                                        "read_file": {
                                            "total": 0.0004787620018760208,
                                            "count": 3,
                                            "self": 0.0004787620018760208
                                        }
                                    }
                                },
                                "make_demo_buffer": {
                                    "total": 2.700382000999525,
                                    "count": 3,
                                    "self": 0.5888933363858087,
                                    "children": {
                                        "steps_from_proto": {
                                            "total": 2.1114886646137165,
                                            "count": 12360,
                                            "self": 1.2909482994728023,
                                            "children": {
                                                "_process_rank_one_or_two_observation": {
                                                    "total": 0.8205403651409142,
                                                    "count": 24720,
                                                    "self": 0.8205403651409142
                                                }
                                            }
                                        }
                                    }
                                }
                            }
                        }
                    }
                },
                "TrainerController.advance": {
                    "total": 134.26403614806622,
                    "count": 1528,
                    "self": 0.0757376670371741,
                    "children": {
                        "env_step": {
                            "total": 99.74445426303646,
                            "count": 1528,
                            "self": 95.88908808509586,
                            "children": {
                                "SubprocessEnvManager._take_step": {
                                    "total": 3.829522078005539,
                                    "count": 1528,
                                    "self": 0.3459157449724444,
                                    "children": {
                                        "TorchPolicy.evaluate": {
                                            "total": 3.4836063330330944,
                                            "count": 3813,
                                            "self": 0.6549734850996174,
                                            "children": {
                                                "TorchPolicy.sample_actions": {
                                                    "total": 2.828632847933477,
                                                    "count": 3813,
                                                    "self": 2.828632847933477
                                                }
                                            }
                                        }
                                    }
                                },
                                "workers": {
                                    "total": 0.025844099935056875,
                                    "count": 1527,
                                    "self": 0.0,
                                    "children": {
                                        "worker_root": {
                                            "total": 86.155821993063,
                                            "count": 1527,
                                            "is_parallel": true,
                                            "self": 57.38765134708592,
                                            "children": {
                                                "run_training.setup": {
                                                    "total": 0.0,
                                                    "count": 0,
                                                    "is_parallel": true,
                                                    "self": 0.0,
                                                    "children": {
                                                        "steps_from_proto": {
                                                            "total": 0.0024784060042293277,
                                                            "count": 3,
                                                            "is_parallel": true,
                                                            "self": 0.0005867620020580944,
                                                            "children": {
                                                                "_process_rank_one_or_two_observation": {
                                                                    "total": 0.0018916440021712333,
                                                                    "count": 6,
                                                                    "is_parallel": true,
                                                                    "self": 0.0018916440021712333
                                                                }
                                                            }
                                                        },
                                                        "UnityEnvironment.step": {
                                                            "total": 0.026037768999231048,
                                                            "count": 1,
                                                            "is_parallel": true,
                                                            "self": 0.00021530199956032448,
                                                            "children": {
                                                                "UnityEnvironment._generate_step_input": {
                                                                    "total": 0.0014807619991188403,
                                                                    "count": 1,